Rank,Name of University,Summer Programs,,,Mails
,,Applications Start,Deadline,,
3,  University of Oxford ,,,,
6,  University of Cambridge ,,,,
8,  ETH Zurich - Swiss Federal Institute of Technology ,,,,
12,  Imperial College London ,,,,
18,  Ecole Polytechnique Fédérale de Lausanne (EPFL) ,,,,Prof. Wulfram Gerstner
20,  The University of Edinburgh ,,,,
33,  UCL (University College London) ,,,,
36,  Technical University of Munich ,,,,
43,  Politecnico di Milano ,,,,
51-100,  Delft University of Technology ,,,,
51-100,"  Ecole normale supérieure, Paris ",,,,
51-100,  Ecole Polytechnique ,,,,
51-100,  Humboldt-Universität zu Berlin ,,,,
51-100,  KU Leuven ,,,,
51-100,  King's College London ,,,,
51-100,"  KIT, Karlsruhe Institute of Technology ",,,,
51-100,  KTH Royal Institute of Technology  ,,,,
51-100,  Lomonosov Moscow State University  ,,,,
51-100,  London School of Economics and Political Science (LSE) ,,,,
51-100,  Ludwig-Maximilians-Universität München ,,,,
51-100,  Politecnico di Torino ,,,,
51-100,  RWTH Aachen University ,,,,
51-100,  Sapienza University of Rome ,,,,
51-100,  Technische Universität Berlin (TU Berlin) ,,,,
51-100,  Vienna University of Technology ,,,,
51-100,  The University of Manchester ,,,,
51-100,  Alma Mater Studiorum - University of Bologna ,,,,
51-100,  Universitat Politècnica de Catalunya  ,,,,
51-100,  University of Amsterdam ,,,,
51-100,  University of Glasgow ,,,,
51-100,  University of Southampton ,,,,
101-150,  Aalto University ,,,,
101-150,  Aarhus University ,,,,
101-150,  Chalmers University of Technology ,,,,
101-150,  Eindhoven University of Technology ,,,,
101-150,  Lancaster University ,,,,
101-150,  National Technical University of Athens ,,,,
101-150,  Ruprecht-Karls-Universitaet Heidelberg ,,,,
101-150,  Technische Universität Darmstadt ,,,,
101-150,  The University of Warwick ,,,,
101-150,"  Trinity College Dublin, The University of Dublin ",,,,
101-150,  University of Pisa ,,,,
101-150,  Universität des Saarlandes ,,,,
101-150,  Université Claude Bernard Lyon 1 ,,,,
101-150,  University College Dublin ,,,,
101-150,  University of Birmingham ,,,,
101-150,  University of Bristol ,,,,
101-150,  University of Copenhagen ,,,,
101-150,  University of Oslo ,,,,
101-150,  University of York ,,,,
